image,counterpart,current_ink,target_ink,top_rank,bottom_rank,any_lt50,any_lt100,any_lt300
0_1.png,0_2.png,没有墨迹,没有墨迹,101,180,N,N,Y
0_2.png,0_1.png,没有墨迹,没有墨迹,978,,N,N,N
102_1.png,102_2.png,没有墨迹,没有墨迹,1,,Y,Y,Y
102_2.png,102_1.png,没有墨迹,没有墨迹,141,1,Y,Y,Y
105_1.png,105_2.png,下方有墨迹,上方有墨迹,13,355,Y,Y,Y
105_2.png,105_1.png,上方有墨迹,下方有墨迹,67,175,N,Y,Y
110_1.png,110_2.png,下方有墨迹,没有墨迹,518,364,N,N,N
110_2.png,110_1.png,没有墨迹,下方有墨迹,83,730,N,Y,Y
114_1.png,114_2.png,下方有墨迹,上方有墨迹,122,438,N,N,Y
114_2.png,114_1.png,上方有墨迹,下方有墨迹,14,875,Y,Y,Y
11_1.png,11_2.png,没有墨迹,没有墨迹,346,157,N,N,Y
11_2.png,11_1.png,没有墨迹,没有墨迹,243,278,N,N,Y
128_1.png,128_2.png,没有墨迹,上方有墨迹,551,317,N,N,N
128_2.png,128_1.png,上方有墨迹,没有墨迹,450,,N,N,N
138_1.png,138_2.png,没有墨迹,没有墨迹,788,,N,N,N
138_2.png,138_1.png,没有墨迹,没有墨迹,83,727,N,Y,Y
140_1.png,140_2.png,没有墨迹,没有墨迹,767,444,N,N,N
140_2.png,140_1.png,没有墨迹,没有墨迹,964,1147,N,N,N
145_1.png,145_2.png,下方有墨迹,"上方有墨迹,下方有墨迹",86,344,N,Y,Y
145_2.png,145_1.png,"上方有墨迹,下方有墨迹",下方有墨迹,743,467,N,N,N
146_1.png,146_2.png,下方有墨迹,上方有墨迹,1089,455,N,N,N
146_2.png,146_1.png,上方有墨迹,下方有墨迹,885,708,N,N,N
149_1.png,149_2.png,下方有墨迹,上方有墨迹,613,1098,N,N,N
149_2.png,149_1.png,上方有墨迹,下方有墨迹,971,180,N,N,Y
150_1.png,150_2.png,下方有墨迹,上方有墨迹,1007,7,Y,Y,Y
150_2.png,150_1.png,上方有墨迹,下方有墨迹,8,1096,Y,Y,Y
152_1.png,152_2.png,没有墨迹,没有墨迹,764,56,N,Y,Y
152_2.png,152_1.png,没有墨迹,没有墨迹,72,953,N,Y,Y
155_1.png,155_2.png,没有墨迹,没有墨迹,51,,N,Y,Y
155_2.png,155_1.png,没有墨迹,没有墨迹,197,83,N,Y,Y
159_1.png,159_2.png,没有墨迹,下方有墨迹,104,151,N,N,Y
159_2.png,159_1.png,下方有墨迹,没有墨迹,240,7,Y,Y,Y
15_1.png,15_2.png,没有墨迹,没有墨迹,152,1133,N,N,Y
15_2.png,15_1.png,没有墨迹,没有墨迹,1133,11,Y,Y,Y
163_1.png,163_2.png,上方有墨迹,下方有墨迹,67,141,N,Y,Y
163_2.png,163_1.png,下方有墨迹,上方有墨迹,292,11,Y,Y,Y
168_1.png,168_2.png,没有墨迹,没有墨迹,530,1180,N,N,N
168_2.png,168_1.png,没有墨迹,没有墨迹,282,704,N,N,Y
169_1.png,169_2.png,"上方有墨迹,下方有墨迹",下方有墨迹,939,845,N,N,N
169_2.png,169_1.png,下方有墨迹,"上方有墨迹,下方有墨迹",210,341,N,N,Y
172_1.png,172_2.png,没有墨迹,没有墨迹,1034,823,N,N,N
172_2.png,172_1.png,没有墨迹,没有墨迹,1163,271,N,N,Y
173_1.png,173_2.png,没有墨迹,没有墨迹,399,,N,N,N
173_2.png,173_1.png,没有墨迹,没有墨迹,,362,N,N,N
175_1.png,175_2.png,上方有墨迹,"上方有墨迹,下方有墨迹",905,174,N,N,Y
175_2.png,175_1.png,"上方有墨迹,下方有墨迹",上方有墨迹,252,1018,N,N,Y
176_1.png,176_2.png,"上方有墨迹,下方有墨迹",上方有墨迹,687,13,Y,Y,Y
176_2.png,176_1.png,上方有墨迹,"上方有墨迹,下方有墨迹",140,540,N,N,Y
182_1.png,182_2.png,没有墨迹,没有墨迹,111,1141,N,N,Y
182_2.png,182_1.png,没有墨迹,没有墨迹,161,133,N,N,Y
187_1.png,187_2.png,没有墨迹,没有墨迹,1012,,N,N,N
187_2.png,187_1.png,没有墨迹,没有墨迹,,1098,N,N,N
188_1.png,188_2.png,没有墨迹,上方有墨迹,384,151,N,N,Y
188_2.png,188_1.png,上方有墨迹,没有墨迹,492,110,N,N,Y
191_1.png,191_2.png,下方有墨迹,没有墨迹,248,1093,N,N,Y
191_2.png,191_1.png,没有墨迹,下方有墨迹,1124,823,N,N,N
192_1.png,192_2.png,上方有墨迹,下方有墨迹,255,988,N,N,Y
192_2.png,192_1.png,下方有墨迹,上方有墨迹,266,156,N,N,Y
194_1.png,194_2.png,没有墨迹,没有墨迹,684,417,N,N,N
194_2.png,194_1.png,没有墨迹,没有墨迹,205,1039,N,N,Y
1_1.png,1_2.png,没有墨迹,没有墨迹,,1133,N,N,N
1_2.png,1_1.png,没有墨迹,没有墨迹,937,6,Y,Y,Y
201_1.png,201_2.png,上方有墨迹,下方有墨迹,118,371,N,N,Y
201_2.png,201_1.png,下方有墨迹,上方有墨迹,334,,N,N,N
204_1.png,204_2.png,没有墨迹,没有墨迹,596,891,N,N,N
204_2.png,204_1.png,没有墨迹,没有墨迹,243,1081,N,N,Y
206_1.png,206_2.png,没有墨迹,下方有墨迹,524,293,N,N,Y
206_2.png,206_1.png,下方有墨迹,没有墨迹,750,,N,N,N
207_1.png,207_2.png,上方有墨迹,没有墨迹,476,65,N,Y,Y
207_2.png,207_1.png,没有墨迹,上方有墨迹,189,598,N,N,Y
212_1.png,212_2.png,没有墨迹,没有墨迹,50,43,Y,Y,Y
212_2.png,212_1.png,没有墨迹,没有墨迹,30,335,Y,Y,Y
213_1.png,213_2.png,没有墨迹,没有墨迹,1071,392,N,N,N
213_2.png,213_1.png,没有墨迹,没有墨迹,839,814,N,N,N
214_1.png,214_2.png,没有墨迹,上方有墨迹,202,9,Y,Y,Y
214_2.png,214_1.png,上方有墨迹,没有墨迹,,,N,N,N
216_1.png,216_2.png,上方有墨迹,下方有墨迹,99,35,Y,Y,Y
216_2.png,216_1.png,下方有墨迹,上方有墨迹,27,200,Y,Y,Y
219_1.png,219_2.png,下方有墨迹,上方有墨迹,797,,N,N,N
219_2.png,219_1.png,上方有墨迹,下方有墨迹,182,322,N,N,Y
220_1.png,220_2.png,没有墨迹,没有墨迹,1106,481,N,N,N
220_2.png,220_1.png,没有墨迹,没有墨迹,353,309,N,N,N
221_1.png,221_2.png,没有墨迹,没有墨迹,,270,N,N,Y
221_2.png,221_1.png,没有墨迹,没有墨迹,170,1066,N,N,Y
224_1.png,224_2.png,没有墨迹,没有墨迹,,568,N,N,N
224_2.png,224_1.png,没有墨迹,没有墨迹,1063,,N,N,N
225_1.png,225_2.png,没有墨迹,没有墨迹,15,437,Y,Y,Y
225_2.png,225_1.png,没有墨迹,没有墨迹,471,8,Y,Y,Y
226_1.png,226_2.png,没有墨迹,没有墨迹,109,443,N,N,Y
226_2.png,226_1.png,没有墨迹,没有墨迹,255,,N,N,Y
232_1.png,232_2.png,没有墨迹,没有墨迹,65,700,N,Y,Y
232_2.png,232_1.png,没有墨迹,没有墨迹,484,160,N,N,Y
234_1.png,234_2.png,没有墨迹,下方有墨迹,478,323,N,N,N
234_2.png,234_1.png,下方有墨迹,没有墨迹,204,219,N,N,Y
235_1.png,235_2.png,下方有墨迹,上方有墨迹,523,1149,N,N,N
235_2.png,235_1.png,上方有墨迹,下方有墨迹,230,1135,N,N,Y
236_1.png,236_2.png,下方有墨迹,没有墨迹,126,67,N,Y,Y
236_2.png,236_1.png,没有墨迹,下方有墨迹,267,8,Y,Y,Y
238_1.png,238_2.png,没有墨迹,没有墨迹,726,109,N,N,Y
238_2.png,238_1.png,没有墨迹,没有墨迹,976,475,N,N,N
240_1.png,240_2.png,没有墨迹,下方有墨迹,576,751,N,N,N
240_2.png,240_1.png,下方有墨迹,没有墨迹,215,387,N,N,Y
241_1.png,241_2.png,下方有墨迹,上方有墨迹,464,379,N,N,N
241_2.png,241_1.png,上方有墨迹,下方有墨迹,1084,423,N,N,N
246_1.png,246_2.png,上方有墨迹,没有墨迹,419,136,N,N,Y
246_2.png,246_1.png,没有墨迹,上方有墨迹,353,787,N,N,N
247_1.png,247_2.png,没有墨迹,没有墨迹,779,969,N,N,N
247_2.png,247_1.png,没有墨迹,没有墨迹,190,1037,N,N,Y
24_1.png,24_2.png,没有墨迹,没有墨迹,347,158,N,N,Y
24_2.png,24_1.png,没有墨迹,没有墨迹,245,279,N,N,Y
251_1.png,251_2.png,没有墨迹,没有墨迹,,746,N,N,N
251_2.png,251_1.png,没有墨迹,没有墨迹,,,N,N,N
254_1.png,254_2.png,"上方有墨迹,下方有墨迹",上方有墨迹,500,172,N,N,Y
254_2.png,254_1.png,上方有墨迹,"上方有墨迹,下方有墨迹",193,930,N,N,Y
255_1.png,255_2.png,没有墨迹,没有墨迹,330,,N,N,N
255_2.png,255_1.png,没有墨迹,没有墨迹,622,313,N,N,N
256_1.png,256_2.png,没有墨迹,下方有墨迹,637,2,Y,Y,Y
256_2.png,256_1.png,下方有墨迹,没有墨迹,2,339,Y,Y,Y
258_1.png,258_2.png,下方有墨迹,"上方有墨迹,下方有墨迹",492,2,Y,Y,Y
258_2.png,258_1.png,"上方有墨迹,下方有墨迹",下方有墨迹,7,903,Y,Y,Y
259_1.png,259_2.png,上方有墨迹,"上方有墨迹,下方有墨迹",10,79,Y,Y,Y
259_2.png,259_1.png,"上方有墨迹,下方有墨迹",上方有墨迹,949,3,Y,Y,Y
260_1.png,260_2.png,下方有墨迹,上方有墨迹,405,5,Y,Y,Y
260_2.png,260_1.png,上方有墨迹,下方有墨迹,118,628,N,N,Y
262_1.png,262_2.png,下方有墨迹,没有墨迹,145,173,N,N,Y
262_2.png,262_1.png,没有墨迹,下方有墨迹,559,142,N,N,Y
264_1.png,264_2.png,没有墨迹,没有墨迹,473,1075,N,N,N
264_2.png,264_1.png,没有墨迹,没有墨迹,411,902,N,N,N
265_1.png,265_2.png,下方有墨迹,上方有墨迹,659,1168,N,N,N
265_2.png,265_1.png,上方有墨迹,下方有墨迹,,20,Y,Y,Y
266_1.png,266_2.png,下方有墨迹,上方有墨迹,472,231,N,N,Y
266_2.png,266_1.png,上方有墨迹,下方有墨迹,482,202,N,N,Y
272_1.png,272_2.png,上方有墨迹,"上方有墨迹,下方有墨迹",31,866,Y,Y,Y
272_2.png,272_1.png,"上方有墨迹,下方有墨迹",上方有墨迹,535,4,Y,Y,Y
274_1.png,274_2.png,没有墨迹,没有墨迹,44,,Y,Y,Y
274_2.png,274_1.png,没有墨迹,没有墨迹,,118,N,N,Y
27_1.png,27_2.png,下方有墨迹,上方有墨迹,114,137,N,N,Y
27_2.png,27_1.png,上方有墨迹,下方有墨迹,49,699,Y,Y,Y
38_1.png,38_2.png,没有墨迹,没有墨迹,169,157,N,N,Y
38_2.png,38_1.png,没有墨迹,没有墨迹,382,90,N,Y,Y
39_1.png,39_2.png,没有墨迹,没有墨迹,166,998,N,N,Y
39_2.png,39_1.png,没有墨迹,没有墨迹,126,,N,N,Y
41_1.png,41_2.png,没有墨迹,没有墨迹,399,109,N,N,Y
41_2.png,41_1.png,没有墨迹,没有墨迹,190,221,N,N,Y
43_1.png,43_2.png,没有墨迹,没有墨迹,152,1188,N,N,Y
43_2.png,43_1.png,没有墨迹,没有墨迹,158,,N,N,Y
46_1.png,46_2.png,没有墨迹,没有墨迹,552,37,Y,Y,Y
46_2.png,46_1.png,没有墨迹,没有墨迹,67,768,N,Y,Y
4_1.png,4_2.png,没有墨迹,没有墨迹,21,84,Y,Y,Y
4_2.png,4_1.png,没有墨迹,没有墨迹,92,201,N,Y,Y
51_1.png,51_2.png,没有墨迹,没有墨迹,27,9,Y,Y,Y
51_2.png,51_1.png,没有墨迹,没有墨迹,1,291,Y,Y,Y
52_1.png,52_2.png,没有墨迹,没有墨迹,572,,N,N,N
52_2.png,52_1.png,没有墨迹,没有墨迹,180,956,N,N,Y
53_1.png,53_2.png,没有墨迹,没有墨迹,3,172,Y,Y,Y
53_2.png,53_1.png,没有墨迹,没有墨迹,61,1,Y,Y,Y
55_1.png,55_2.png,没有墨迹,没有墨迹,82,403,N,Y,Y
55_2.png,55_1.png,没有墨迹,没有墨迹,68,1196,N,Y,Y
56_1.png,56_2.png,没有墨迹,没有墨迹,660,9,Y,Y,Y
56_2.png,56_1.png,没有墨迹,没有墨迹,8,,Y,Y,Y
57_1.png,57_2.png,没有墨迹,没有墨迹,153,1134,N,N,Y
57_2.png,57_1.png,没有墨迹,没有墨迹,1135,12,Y,Y,Y
5_1.png,5_2.png,没有墨迹,没有墨迹,1028,209,N,N,Y
5_2.png,5_1.png,没有墨迹,没有墨迹,483,628,N,N,N
69_1.png,69_2.png,没有墨迹,没有墨迹,451,1,Y,Y,Y
69_2.png,69_1.png,没有墨迹,没有墨迹,60,91,N,Y,Y
70_1.png,70_2.png,没有墨迹,没有墨迹,926,1031,N,N,N
70_2.png,70_1.png,没有墨迹,没有墨迹,1027,122,N,N,Y
74_1.png,74_2.png,没有墨迹,没有墨迹,1,888,Y,Y,Y
74_2.png,74_1.png,没有墨迹,没有墨迹,674,1,Y,Y,Y
79_1.png,79_2.png,没有墨迹,没有墨迹,733,,N,N,N
79_2.png,79_1.png,没有墨迹,没有墨迹,377,775,N,N,N
90_1.png,90_2.png,没有墨迹,没有墨迹,,391,N,N,N
90_2.png,90_1.png,没有墨迹,没有墨迹,979,,N,N,N
